,original values,predicted
12,14999,14912.901072893656
5,11990,15656.158409592932
3,11999,15160.653518460083
17,14990,15656.158409592932
14,14999,15656.158409592932
8,11599,15656.158409592932
2,11999,15656.158409592932
